Date,Year,Month,Day,Abap,Ada,C/C++,C#,Cobol,Dart,Delphi/Pascal,Go,Groovy,Haskell,Java,JavaScript,Julia,Kotlin,Lua,Matlab,Objective-C,Perl,PHP,Powershell,Python,R,Ruby,Rust,Scala,Swift,TypeScript,VBA,Visual Basic
2004-07-01,2004,7,1,0.3,0.4,10.0,4.7,0.4,0.0,2.8,0.0,0.0,0.2,30.2,8.6,0.0,0.2,0.2,2.1,0.2,7.3,18.6,0.2,2.5,0.4,0.3,0.2,0.2,0.0,0.0,1.4000000000000001,8.5
2004-08-01,2004,8,1,0.4,0.4,9.7,5.0,0.5,0.0,2.7,0.0,0.1,0.2,29.8,8.7,0.0,0.2,0.2,2.0,0.2,7.1,19.1,0.2,2.6,0.4,0.4,0.2,0.2,0.0,0.0,1.5,8.5
2004-09-01,2004,9,1,0.4,0.4,9.6,5.0,0.5,0.0,2.6,0.0,0.1,0.2,29.6,8.7,0.0,0.2,0.2,2.1,0.2,7.0,19.4,0.1,2.7,0.4,0.4,0.2,0.1,0.0,0.0,1.5,8.4
2004-10-01,2004,10,1,0.4,0.4,9.5,5.3,0.5,0.0,2.8,0.0,0.1,0.2,29.0,8.4,0.0,0.1,0.2,2.2,0.2,7.2,19.3,0.1,2.9,0.4,0.5,0.1,0.1,0.0,0.0,1.6,8.5
2004-11-01,2004,11,1,0.4,0.4,9.5,5.2,0.5,0.0,2.8,0.0,0.1,0.2,29.5,8.5,0.0,0.1,0.2,2.2,0.2,7.0,19.4,0.1,2.8,0.4,0.4,0.2,0.2,0.0,0.0,1.5,8.200000000000001
2004-12-01,2004,12,1,0.4,0.4,9.5,5.2,0.5,0.0,2.8,0.0,0.1,0.2,29.7,8.5,0.0,0.1,0.2,2.1,0.2,7.0,19.7,0.0,2.7,0.4,0.4,0.2,0.1,0.0,0.0,1.5,8.1
2005-01-01,2005,1,1,0.4,0.4,9.7,5.2,0.6,0.0,2.7,0.0,0.1,0.2,29.6,8.4,0.0,0.0,0.2,2.2,0.2,7.0,19.8,0.0,2.9,0.4,0.5,0.2,0.1,0.0,0.0,1.5,7.8
2005-02-01,2005,2,1,0.4,0.4,9.9,5.2,0.5,0.0,2.7,0.0,0.1,0.2,30.2,8.1,0.0,0.0,0.3,2.3,0.2,6.9,19.6,0.1,2.9,0.4,0.5,0.2,0.1,0.0,0.0,1.5,7.7
2005-03-01,2005,3,1,0.3,0.4,9.9,5.4,0.5,0.0,2.7,0.0,0.1,0.2,30.2,8.3,0.0,0.0,0.2,2.4,0.2,6.9,19.5,0.1,2.8,0.4,0.5,0.1,0.1,0.0,0.0,1.4000000000000001,7.7
2005-04-01,2005,4,1,0.3,0.4,9.8,5.4,0.4,0.0,2.6,0.0,0.1,0.2,30.5,8.4,0.0,0.0,0.2,2.2,0.1,6.7,19.9,0.0,2.8,0.4,0.4,0.1,0.1,0.0,0.0,1.4000000000000001,7.5
2005-05-01,2005,5,1,0.4,0.4,9.7,5.6,0.4,0.0,2.5,0.0,0.1,0.2,30.2,8.2,0.0,0.0,0.2,2.2,0.1,6.7,19.8,0.1,2.9,0.4,0.5,0.1,0.1,0.0,0.1,1.5,7.7
2005-06-01,2005,6,1,0.4,0.4,9.4,5.8,0.4,0.0,2.4,0.0,0.1,0.2,30.3,8.3,0.0,0.0,0.2,2.3,0.1,6.6,19.8,0.1,2.9,0.4,0.6,0.1,0.1,0.0,0.1,1.6,7.6
2005-07-01,2005,7,1,0.3,0.3,9.3,6.2,0.4,0.0,2.5,0.0,0.1,0.2,30.3,8.4,0.0,0.0,0.2,2.3,0.1,6.5,19.5,0.1,3.0,0.4,0.6,0.1,0.1,0.0,0.1,1.6,7.5
2005-08-01,2005,8,1,0.3,0.3,9.1,6.1,0.4,0.0,2.4,0.0,0.1,0.2,30.2,8.6,0.0,0.0,0.2,2.1,0.1,6.5,19.6,0.1,3.1,0.4,0.7000000000000001,0.1,0.1,0.0,0.1,1.6,7.3999999999999995
2005-09-01,2005,9,1,0.4,0.3,9.0,6.2,0.4,0.0,2.3,0.0,0.1,0.2,30.2,8.4,0.0,0.0,0.3,2.1,0.1,6.6,19.8,0.1,3.3,0.5,0.8,0.2,0.1,0.0,0.1,1.6,7.3
2005-10-01,2005,10,1,0.4,0.3,8.7,6.2,0.5,0.0,2.4,0.0,0.1,0.2,30.1,8.2,0.0,0.0,0.3,2.2,0.1,6.6,19.6,0.1,3.5,0.5,0.8999999999999999,0.2,0.1,0.0,0.1,1.7000000000000002,7.199999999999999
2005-11-01,2005,11,1,0.4,0.3,8.5,6.3,0.5,0.0,2.5,0.0,0.1,0.3,30.2,8.2,0.0,0.0,0.3,2.3,0.1,6.5,19.6,0.1,3.6,0.5,1.0999999999999999,0.2,0.0,0.0,0.1,1.6,6.9
2005-12-01,2005,12,1,0.4,0.3,8.4,6.5,0.5,0.0,2.4,0.0,0.1,0.3,29.8,8.1,0.0,0.0,0.3,2.4,0.1,6.6,19.3,0.0,3.9,0.5,1.2,0.2,0.1,0.0,0.1,1.7000000000000002,6.9
2006-01-01,2006,1,1,0.4,0.3,8.5,6.3,0.5,0.0,2.4,0.0,0.1,0.3,29.7,8.1,0.0,0.0,0.4,2.3,0.1,6.3,19.7,0.1,4.0,0.5,1.4000000000000001,0.2,0.1,0.0,0.1,1.6,6.9
2006-02-01,2006,2,1,0.4,0.3,8.4,6.4,0.5,0.0,2.5,0.0,0.1,0.3,29.8,8.0,0.0,0.0,0.4,2.4,0.1,6.1,19.5,0.1,4.0,0.6,1.6,0.1,0.1,0.0,0.1,1.7000000000000002,6.7
2006-03-01,2006,3,1,0.4,0.3,8.4,6.5,0.5,0.0,2.4,0.0,0.1,0.3,30.0,8.0,0.0,0.0,0.3,2.5,0.1,5.9,19.5,0.1,3.9,0.5,1.7000000000000002,0.1,0.1,0.0,0.1,1.6,6.7
2006-04-01,2006,4,1,0.4,0.3,8.5,6.7,0.4,0.0,2.2,0.0,0.1,0.3,30.1,8.1,0.0,0.1,0.4,2.5,0.1,5.8,19.9,0.1,3.8,0.5,1.7999999999999998,0.1,0.2,0.0,0.1,1.5,6.5
2006-05-01,2006,5,1,0.3,0.2,8.5,6.6,0.4,0.0,2.1,0.0,0.1,0.3,30.1,8.3,0.0,0.1,0.4,2.3,0.1,5.5,20.3,0.1,3.7,0.5,1.9,0.1,0.2,0.0,0.1,1.5,6.5
2006-06-01,2006,6,1,0.3,0.2,8.6,6.5,0.4,0.0,1.9,0.0,0.1,0.3,30.3,8.4,0.0,0.1,0.4,2.2,0.1,5.4,20.6,0.1,3.7,0.5,1.9,0.1,0.1,0.0,0.1,1.5,6.3
2006-07-01,2006,7,1,0.4,0.2,8.5,6.6,0.5,0.0,1.9,0.0,0.1,0.3,30.4,8.4,0.0,0.1,0.4,2.3,0.1,5.4,20.5,0.1,3.6,0.6,1.9,0.1,0.1,0.0,0.0,1.5,6.2
2006-08-01,2006,8,1,0.4,0.2,8.4,6.8,0.4,0.0,1.9,0.0,0.1,0.3,30.2,8.4,0.0,0.1,0.4,2.3,0.1,5.4,20.5,0.1,3.6,0.5,2.1,0.1,0.1,0.0,0.0,1.5,6.2
2006-09-01,2006,9,1,0.3,0.2,8.3,6.9,0.4,0.0,2.0,0.0,0.1,0.3,30.0,8.4,0.0,0.1,0.4,2.1,0.1,5.5,20.5,0.1,3.8,0.5,2.1999999999999997,0.1,0.2,0.0,0.0,1.6,6.0
2006-10-01,2006,10,1,0.3,0.3,8.2,7.0,0.4,0.0,2.0,0.0,0.1,0.3,29.8,8.4,0.0,0.0,0.5,2.2,0.1,5.5,20.2,0.1,3.9,0.5,2.3,0.1,0.2,0.0,0.0,1.7000000000000002,6.0
2006-11-01,2006,11,1,0.4,0.3,8.2,7.0,0.4,0.0,2.0,0.0,0.1,0.3,29.9,8.5,0.0,0.0,0.4,2.3,0.1,5.4,20.1,0.1,4.0,0.5,2.3,0.1,0.2,0.0,0.0,1.7999999999999998,5.8999999999999995
2006-12-01,2006,12,1,0.4,0.3,8.2,7.0,0.4,0.0,2.0,0.0,0.1,0.3,30.0,8.4,0.0,0.0,0.5,2.3,0.1,5.4,19.9,0.1,4.0,0.6,2.4,0.1,0.1,0.0,0.0,1.7000000000000002,5.800000000000001
2007-01-01,2007,1,1,0.4,0.3,8.1,7.1,0.4,0.0,1.9,0.0,0.1,0.4,30.1,8.4,0.0,0.0,0.4,2.3,0.1,5.4,19.9,0.1,4.1,0.6,2.5,0.1,0.1,0.0,0.0,1.7000000000000002,5.7
2007-02-01,2007,2,1,0.4,0.2,8.3,7.0,0.4,0.0,1.9,0.0,0.1,0.4,30.3,8.4,0.0,0.0,0.4,2.4,0.1,5.2,19.6,0.1,4.3,0.6,2.5,0.1,0.1,0.0,0.0,1.7000000000000002,5.6000000000000005
2007-03-01,2007,3,1,0.4,0.2,8.2,6.9,0.4,0.0,1.8,0.1,0.0,0.4,30.6,8.4,0.0,0.1,0.4,2.4,0.1,4.9,19.8,0.1,4.3,0.6,2.5,0.1,0.1,0.0,0.1,1.6,5.7
2007-04-01,2007,4,1,0.4,0.2,8.1,6.8,0.4,0.0,1.8,0.1,0.1,0.4,30.5,8.4,0.0,0.1,0.4,2.5,0.1,4.8,20.0,0.1,4.4,0.6,2.6,0.1,0.1,0.0,0.1,1.6,5.7
2007-05-01,2007,5,1,0.4,0.2,8.1,6.8,0.4,0.0,1.8,0.1,0.1,0.3,30.4,8.3,0.0,0.1,0.4,2.5,0.1,4.8,20.3,0.1,4.4,0.6,2.6,0.1,0.1,0.0,0.1,1.6,5.6000000000000005
2007-06-01,2007,6,1,0.3,0.1,7.9,6.8,0.3,0.0,1.8,0.1,0.1,0.3,30.6,8.4,0.0,0.1,0.3,2.4,0.1,4.8,20.3,0.1,4.5,0.6,2.8000000000000003,0.1,0.1,0.0,0.1,1.6,5.6000000000000005
2007-07-01,2007,7,1,0.3,0.1,8.0,6.7,0.3,0.0,1.8,0.1,0.1,0.3,30.6,8.5,0.0,0.1,0.3,2.4,0.1,4.7,20.3,0.1,4.3,0.6,2.8000000000000003,0.1,0.1,0.0,0.1,1.7000000000000002,5.6000000000000005
2007-08-01,2007,8,1,0.4,0.2,7.9,6.7,0.3,0.0,1.7,0.1,0.1,0.3,30.7,8.6,0.0,0.1,0.4,2.2,0.1,4.6,20.7,0.1,4.2,0.6,2.8000000000000003,0.1,0.1,0.0,0.1,1.7000000000000002,5.3
2007-09-01,2007,9,1,0.4,0.2,7.9,6.8,0.3,0.0,1.7,0.1,0.1,0.3,30.6,8.6,0.0,0.1,0.4,2.2,0.1,4.8,20.7,0.1,4.2,0.6,2.8000000000000003,0.1,0.1,0.0,0.0,1.6,5.1
2007-10-01,2007,10,1,0.4,0.2,8.0,6.9,0.3,0.0,1.7,0.1,0.1,0.3,30.7,8.6,0.0,0.1,0.4,2.2,0.1,4.8,20.4,0.1,4.3,0.7,2.8000000000000003,0.1,0.1,0.0,0.0,1.7000000000000002,5.1
2007-11-01,2007,11,1,0.4,0.3,8.1,7.0,0.4,0.0,1.8,0.1,0.1,0.3,30.5,8.4,0.0,0.1,0.4,2.2,0.1,4.8,19.8,0.2,4.5,0.7,2.8000000000000003,0.1,0.1,0.0,0.0,1.7000000000000002,5.3
2007-12-01,2007,12,1,0.4,0.3,8.0,6.9,0.4,0.0,1.7,0.1,0.2,0.3,30.2,8.3,0.0,0.1,0.4,2.3,0.1,4.7,19.5,0.3,4.6,0.8,2.8000000000000003,0.1,0.3,0.0,0.2,1.7000000000000002,5.2
2008-01-01,2008,1,1,0.4,0.3,8.0,7.0,0.4,0.0,1.6,0.1,0.2,0.3,30.4,8.1,0.0,0.1,0.4,2.4,0.1,4.6,19.6,0.3,4.8,0.8,2.8000000000000003,0.1,0.3,0.0,0.2,1.7000000000000002,5.1
2008-02-01,2008,2,1,0.4,0.2,8.0,7.1,0.4,0.0,1.7,0.1,0.3,0.3,30.2,8.0,0.0,0.1,0.4,2.5,0.1,4.5,19.5,0.3,4.9,0.9,2.8000000000000003,0.1,0.3,0.0,0.2,1.7000000000000002,5.2
2008-03-01,2008,3,1,0.4,0.2,8.0,7.1,0.4,0.0,1.7,0.1,0.3,0.4,30.1,8.1,0.0,0.1,0.4,2.5,0.1,4.3,19.1,0.3,5.0,0.9,2.9000000000000004,0.1,0.3,0.0,0.2,1.7000000000000002,5.3
2008-04-01,2008,4,1,0.4,0.2,8.0,7.3,0.4,0.0,1.6,0.1,0.3,0.4,30.3,8.1,0.0,0.1,0.4,2.5,0.1,4.2,19.2,0.3,5.0,0.8,2.9000000000000004,0.1,0.3,0.0,0.2,1.7000000000000002,5.2
2008-05-01,2008,5,1,0.3,0.1,7.9,7.4,0.4,0.0,1.6,0.1,0.2,0.3,30.2,8.3,0.0,0.0,0.4,2.5,0.1,4.1,19.5,0.2,5.1,0.8,2.9000000000000004,0.1,0.3,0.0,0.2,1.7999999999999998,5.1
2008-06-01,2008,6,1,0.3,0.1,7.9,7.7,0.4,0.0,1.7,0.1,0.2,0.3,30.3,8.3,0.0,0.0,0.4,2.5,0.1,4.0,19.7,0.2,5.0,0.8,2.9000000000000004,0.0,0.1,0.0,0.0,1.7999999999999998,5.1
2008-07-01,2008,7,1,0.4,0.2,7.9,7.8,0.4,0.0,1.8,0.1,0.2,0.4,30.0,8.2,0.0,0.1,0.5,2.6,0.1,4.0,19.6,0.2,5.1,0.8,2.9000000000000004,0.0,0.1,0.0,0.0,1.7000000000000002,5.1
2008-08-01,2008,8,1,0.4,0.2,7.8,7.8,0.4,0.0,1.9,0.0,0.2,0.3,29.9,8.0,0.0,0.0,0.5,2.6,0.1,4.1,19.5,0.2,5.2,0.8,2.9000000000000004,0.0,0.1,0.0,0.1,1.7999999999999998,5.3
2008-09-01,2008,9,1,0.4,0.2,7.9,8.0,0.4,0.0,1.9,0.1,0.2,0.3,29.6,7.9,0.0,0.0,0.5,2.6,0.2,4.1,19.7,0.2,5.3,0.8,2.9000000000000004,0.1,0.1,0.0,0.1,1.7999999999999998,5.2
2008-10-01,2008,10,1,0.4,0.2,8.1,8.0,0.5,0.0,1.9,0.1,0.2,0.3,28.9,7.9,0.0,0.0,0.5,2.7,0.2,4.1,19.5,0.3,5.6,0.9,2.8000000000000003,0.1,0.1,0.0,0.1,1.7000000000000002,5.3
2008-11-01,2008,11,1,0.4,0.2,8.3,8.0,0.4,0.0,1.8,0.1,0.3,0.3,28.8,7.8,0.0,0.1,0.5,2.7,0.2,4.2,19.3,0.3,5.7,0.8,2.8000000000000003,0.1,0.1,0.0,0.1,1.7000000000000002,5.4
2008-12-01,2008,12,1,0.4,0.3,8.5,7.8,0.4,0.0,1.7,0.1,0.4,0.3,28.6,7.7,0.0,0.1,0.4,2.8,0.2,4.2,19.1,0.3,5.9,0.9,2.7,0.1,0.2,0.0,0.1,1.7000000000000002,5.3
2009-01-01,2009,1,1,0.4,0.3,8.5,7.8,0.4,0.0,1.7,0.1,0.4,0.3,28.2,8.0,0.0,0.1,0.4,2.7,0.2,4.1,18.8,0.3,6.2,0.9,2.7,0.1,0.2,0.0,0.1,1.7000000000000002,5.4
2009-02-01,2009,2,1,0.4,0.3,8.7,7.7,0.4,0.0,1.6,0.1,0.4,0.3,28.2,7.9,0.0,0.1,0.4,2.8,0.2,4.1,18.6,0.4,6.3,1.0,2.7,0.1,0.2,0.0,0.1,1.7000000000000002,5.4
2009-03-01,2009,3,1,0.4,0.3,8.6,7.6,0.3,0.0,1.6,0.1,0.5,0.3,28.2,7.9,0.0,0.1,0.4,3.0,0.2,4.2,18.4,0.4,6.4,1.0,2.7,0.1,0.2,0.0,0.1,1.7999999999999998,5.5
2009-04-01,2009,4,1,0.4,0.2,8.6,7.6,0.4,0.0,1.7,0.1,0.4,0.4,28.4,7.8,0.0,0.1,0.4,2.9,0.2,4.2,18.6,0.3,6.3,1.0,2.6,0.0,0.2,0.0,0.1,1.9,5.5
2009-05-01,2009,5,1,0.4,0.2,8.7,7.4,0.4,0.0,1.6,0.1,0.4,0.4,28.3,7.6,0.0,0.1,0.5,2.9,0.2,4.1,18.8,0.4,6.4,1.1,2.6,0.0,0.2,0.0,0.1,1.9,5.4
2009-06-01,2009,6,1,0.4,0.2,8.7,7.3,0.4,0.0,1.5,0.1,0.3,0.4,28.2,7.8,0.0,0.0,0.5,2.9,0.1,4.1,19.1,0.3,6.4,1.1,2.7,0.0,0.1,0.0,0.0,2.0,5.4
2009-07-01,2009,7,1,0.4,0.2,9.0,7.2,0.4,0.0,1.5,0.1,0.3,0.3,27.9,7.5,0.0,0.0,0.4,3.1,0.1,4.1,19.1,0.3,6.5,1.1,2.7,0.1,0.1,0.0,0.0,2.1999999999999997,5.4
2009-08-01,2009,8,1,0.4,0.1,9.1,7.1,0.5,0.0,1.5,0.0,0.3,0.4,27.6,7.7,0.0,0.0,0.4,3.0,0.1,4.1,19.2,0.4,6.7,1.0,2.6,0.1,0.1,0.0,0.0,2.1999999999999997,5.4
2009-09-01,2009,9,1,0.4,0.1,9.5,7.0,0.4,0.0,1.5,0.0,0.2,0.3,27.7,7.7,0.0,0.0,0.4,2.9,0.1,4.0,19.3,0.4,6.7,1.0,2.6,0.0,0.1,0.0,0.0,2.1999999999999997,5.4
2009-10-01,2009,10,1,0.4,0.1,9.8,6.8,0.5,0.0,1.4,0.0,0.3,0.2,27.6,7.6,0.0,0.0,0.4,3.0,0.1,4.0,19.1,0.5,6.8,1.1,2.7,0.1,0.1,0.0,0.0,2.1999999999999997,5.3
2009-11-01,2009,11,1,0.4,0.1,10.0,6.7,0.5,0.0,1.4,0.0,0.3,0.2,27.7,7.6,0.0,0.1,0.4,3.0,0.1,4.0,18.9,0.5,6.8,1.0,2.6,0.1,0.1,0.0,0.0,2.1999999999999997,5.4
2009-12-01,2009,12,1,0.4,0.1,10.3,6.6,0.5,0.0,1.4,0.0,0.3,0.3,27.7,7.4,0.0,0.1,0.4,3.1,0.2,3.9,18.6,0.5,6.8,1.1,2.6,0.1,0.1,0.0,0.0,2.3,5.4
2010-01-01,2010,1,1,0.5,0.1,10.5,6.4,0.5,0.0,1.4,0.0,0.3,0.3,28.1,7.4,0.0,0.1,0.4,3.0,0.2,3.7,18.6,0.6,6.5,1.1,2.5,0.1,0.2,0.0,0.0,2.1999999999999997,5.4
2010-02-01,2010,2,1,0.5,0.1,10.8,6.3,0.5,0.0,1.3,0.0,0.3,0.2,28.3,7.3,0.0,0.1,0.5,3.2,0.2,3.6,18.4,0.5,6.4,1.1,2.4,0.1,0.2,0.0,0.0,2.1999999999999997,5.3
2010-03-01,2010,3,1,0.5,0.2,10.9,6.2,0.5,0.0,1.3,0.0,0.4,0.3,28.2,7.3,0.0,0.1,0.5,3.3,0.3,3.5,18.2,0.5,6.4,1.2,2.3,0.1,0.2,0.0,0.0,2.3,5.4
2010-04-01,2010,4,1,0.5,0.1,11.3,6.2,0.5,0.0,1.3,0.0,0.4,0.3,28.4,7.4,0.0,0.1,0.5,3.3,0.3,3.4,18.2,0.5,6.3,1.1,2.1999999999999997,0.1,0.2,0.0,0.0,2.3,5.4
2010-05-01,2010,5,1,0.6,0.1,11.5,6.2,0.5,0.0,1.3,0.0,0.4,0.3,28.4,7.3,0.0,0.0,0.5,3.3,0.3,3.3,18.1,0.6,6.2,1.2,2.1999999999999997,0.1,0.2,0.0,0.0,2.4,5.3
2010-06-01,2010,6,1,0.6,0.1,11.6,6.2,0.5,0.0,1.3,0.0,0.4,0.3,28.3,7.3,0.0,0.0,0.5,3.3,0.3,3.3,17.9,0.6,6.2,1.2,2.1999999999999997,0.1,0.2,0.0,0.0,2.4,5.3
2010-07-01,2010,7,1,0.6,0.1,11.5,6.4,0.5,0.0,1.3,0.0,0.4,0.3,28.1,7.3,0.0,0.0,0.5,3.5,0.3,3.3,17.8,0.7,6.2,1.2,2.1999999999999997,0.1,0.2,0.0,0.0,2.5,5.4
2010-08-01,2010,8,1,0.6,0.1,11.6,6.4,0.5,0.0,1.3,0.0,0.4,0.3,28.3,7.2,0.0,0.0,0.4,3.3,0.4,3.2,17.5,0.7,6.2,1.2,2.1999999999999997,0.1,0.2,0.0,0.0,2.6,5.3
2010-09-01,2010,9,1,0.6,0.1,11.7,6.4,0.5,0.0,1.3,0.0,0.4,0.3,28.4,7.1,0.0,0.0,0.4,3.3,0.5,3.2,17.3,0.7,6.3,1.2,2.3,0.1,0.3,0.0,0.0,2.6,5.2
2010-10-01,2010,10,1,0.7,0.2,11.8,6.5,0.6,0.0,1.2,0.0,0.4,0.3,28.2,6.9,0.0,0.0,0.5,3.3,0.7,3.1,16.9,0.8,6.4,1.2,2.5,0.1,0.3,0.0,0.0,2.6,5.2
2010-11-01,2010,11,1,0.6,0.2,11.8,6.6,0.5,0.0,1.2,0.0,0.4,0.3,28.3,6.9,0.0,0.0,0.5,3.4,0.8,3.1,16.5,0.8,6.4,1.2,2.5,0.1,0.3,0.0,0.0,2.5,5.2
2010-12-01,2010,12,1,0.6,0.2,11.9,6.5,0.5,0.0,1.2,0.0,0.4,0.3,28.1,6.7,0.0,0.0,0.5,3.4,1.0,3.0,16.3,0.8,6.5,1.3,2.6,0.1,0.3,0.0,0.0,2.5,5.2
2011-01-01,2011,1,1,0.6,0.3,12.2,6.4,0.5,0.0,1.2,0.0,0.3,0.3,28.4,6.8,0.0,0.0,0.5,3.2,1.2,2.8,16.2,0.7,6.7,1.3,2.6,0.1,0.3,0.0,0.0,2.3,5.0
2011-02-01,2011,2,1,0.6,0.3,12.5,6.4,0.4,0.0,1.1,0.0,0.3,0.3,28.2,6.9,0.0,0.0,0.5,3.4,1.3,2.7,16.2,0.7,6.9,1.3,2.6,0.1,0.3,0.0,0.0,2.1,4.9
2011-03-01,2011,3,1,0.6,0.3,12.5,6.5,0.4,0.0,1.1,0.0,0.3,0.4,28.1,6.9,0.0,0.0,0.5,3.4,1.5,2.6,16.2,0.6,6.9,1.3,2.6,0.1,0.3,0.0,0.0,2.1,4.9
2011-04-01,2011,4,1,0.6,0.2,12.5,6.5,0.4,0.0,1.2,0.0,0.3,0.4,28.2,7.1,0.0,0.0,0.5,3.3,1.6,2.6,16.3,0.6,6.8,1.3,2.5,0.1,0.3,0.0,0.0,2.0,4.9
2011-05-01,2011,5,1,0.7,0.2,12.5,6.3,0.4,0.0,1.2,0.0,0.4,0.4,28.2,7.1,0.0,0.0,0.4,3.2,1.8,2.4,16.4,0.6,6.9,1.3,2.5,0.0,0.3,0.0,0.0,1.9,4.9
2011-06-01,2011,6,1,0.6,0.2,12.5,6.3,0.4,0.1,1.2,0.0,0.4,0.3,28.2,7.2,0.0,0.0,0.4,3.1,1.8,2.5,16.5,0.6,6.9,1.3,2.6,0.0,0.3,0.0,0.0,1.9,4.8
2011-07-01,2011,7,1,0.7,0.2,12.5,6.3,0.4,0.1,1.2,0.0,0.4,0.3,28.2,7.0,0.0,0.0,0.5,3.1,2.0,2.4,16.5,0.5,6.9,1.3,2.6,0.0,0.3,0.0,0.0,1.9,4.8
2011-08-01,2011,8,1,0.7,0.2,12.4,6.2,0.4,0.1,1.2,0.0,0.4,0.3,28.2,7.0,0.0,0.0,0.5,3.0,2.1,2.5,16.3,0.6,6.9,1.4,2.7,0.0,0.3,0.0,0.0,2.0,4.8
2011-09-01,2011,9,1,0.7,0.2,12.6,6.1,0.4,0.1,1.1,0.0,0.4,0.3,28.2,7.0,0.0,0.0,0.5,2.8,2.2,2.5,16.3,0.6,7.0,1.4,2.6,0.0,0.3,0.0,0.0,2.0,4.7
2011-10-01,2011,10,1,0.7,0.2,12.9,5.9,0.4,0.1,1.1,0.0,0.3,0.3,28.1,7.1,0.0,0.0,0.5,2.9,2.3,2.4,16.2,0.6,7.2,1.4,2.6,0.1,0.3,0.0,0.0,2.0,4.5
2011-11-01,2011,11,1,0.7,0.2,12.7,6.0,0.4,0.1,1.0,0.0,0.3,0.3,27.8,7.1,0.0,0.0,0.5,2.9,2.7,2.4,15.9,0.6,7.4,1.4,2.6,0.1,0.3,0.0,0.0,2.1,4.3999999999999995
2011-12-01,2011,12,1,0.7,0.2,12.4,6.1,0.4,0.1,1.0,0.0,0.3,0.3,27.8,7.2,0.0,0.0,0.5,2.9,3.0,2.3,15.8,0.6,7.7,1.4,2.4,0.1,0.4,0.0,0.0,2.1,4.3
2012-01-01,2012,1,1,0.7,0.2,11.9,6.4,0.4,0.1,1.0,0.0,0.4,0.3,27.6,7.2,0.0,0.0,0.5,3.0,3.4,2.3,15.6,0.6,7.8,1.4,2.4,0.1,0.4,0.0,0.0,2.1999999999999997,4.2
2012-02-01,2012,2,1,0.7,0.2,11.4,6.8,0.4,0.1,1.0,0.0,0.4,0.3,27.3,7.2,0.0,0.0,0.5,3.1,3.7,2.3,15.5,0.7,7.8,1.5,2.4,0.1,0.4,0.0,0.0,2.1999999999999997,4.0
2012-03-01,2012,3,1,0.7,0.2,10.6,7.3,0.4,0.1,0.9,0.0,0.3,0.3,27.4,7.2,0.0,0.0,0.5,3.2,3.9,2.2,15.3,0.8,8.0,1.5,2.5,0.1,0.4,0.0,0.0,2.3,4.0
2012-04-01,2012,4,1,0.7,0.2,9.7,7.8,0.4,0.1,1.0,0.0,0.3,0.3,27.2,7.1,0.1,0.0,0.5,3.2,4.2,2.2,15.1,0.9,8.0,1.6,2.6,0.1,0.4,0.0,0.0,2.4,4.0
2012-05-01,2012,5,1,0.8,0.2,9.2,8.1,0.4,0.1,1.0,0.0,0.4,0.3,27.4,7.0,0.1,0.0,0.5,3.3,4.2,2.2,15.1,0.9,8.0,1.6,2.6,0.1,0.4,0.0,0.0,2.3,3.9
2012-06-01,2012,6,1,0.7,0.2,9.0,8.4,0.4,0.2,1.0,0.0,0.4,0.3,27.2,6.9,0.1,0.0,0.6,3.2,4.4,2.2,15.2,0.9,8.0,1.6,2.7,0.1,0.4,0.0,0.0,2.3,3.9
2012-07-01,2012,7,1,0.7,0.2,8.8,8.6,0.4,0.2,1.0,0.0,0.4,0.3,27.1,6.8,0.1,0.0,0.6,3.2,4.4,2.2,15.0,1.0,8.0,1.7,2.7,0.1,0.4,0.0,0.0,2.3,3.8
2012-08-01,2012,8,1,0.8,0.2,8.6,8.9,0.4,0.1,1.0,0.0,0.4,0.3,27.0,6.9,0.1,0.0,0.7,3.1,4.5,2.1,14.8,1.0,8.1,1.7,2.7,0.1,0.4,0.0,0.0,2.3,3.9
2012-09-01,2012,9,1,0.8,0.3,8.6,9.1,0.3,0.2,1.0,0.0,0.4,0.3,26.8,6.9,0.1,0.0,0.7,3.0,4.6,2.1,14.6,1.0,8.1,1.8,2.7,0.1,0.4,0.0,0.0,2.1999999999999997,3.8
2012-10-01,2012,10,1,0.7,0.3,8.7,9.2,0.3,0.1,1.0,0.1,0.4,0.3,26.8,7.0,0.1,0.0,0.7,3.0,4.7,2.1,14.8,0.9,8.2,1.8,2.7,0.1,0.4,0.0,0.0,2.1,3.6999999999999997
2012-11-01,2012,11,1,0.7,0.2,8.8,9.3,0.3,0.1,0.9,0.1,0.4,0.3,26.6,7.0,0.1,0.0,0.7,3.0,4.9,2.0,14.6,0.9,8.3,1.8,2.7,0.0,0.5,0.0,0.0,2.1,3.6999999999999997
2012-12-01,2012,12,1,0.7,0.3,8.6,9.5,0.3,0.1,0.9,0.1,0.4,0.3,26.6,7.0,0.1,0.0,0.7,3.0,4.9,2.1,14.4,0.9,8.4,1.9,2.7,0.0,0.5,0.0,0.0,2.1,3.6999999999999997
2013-01-01,2013,1,1,0.7,0.3,8.7,9.5,0.3,0.1,0.9,0.1,0.3,0.4,26.5,7.1,0.1,0.0,0.7,3.1,5.0,2.1,14.2,0.9,8.5,1.9,2.8000000000000003,0.1,0.5,0.0,0.0,1.9,3.6999999999999997
2013-02-01,2013,2,1,0.6,0.3,8.6,9.5,0.3,0.1,0.8,0.1,0.3,0.3,26.7,7.0,0.1,0.0,0.7,3.1,5.1,2.0,14.3,0.8,8.8,1.9,2.7,0.1,0.4,0.0,0.0,1.7999999999999998,3.5999999999999996
2013-03-01,2013,3,1,0.6,0.3,8.5,9.5,0.3,0.1,0.8,0.1,0.4,0.3,26.6,7.1,0.1,0.0,0.7,3.1,5.4,1.9,14.3,0.7,8.9,1.9,2.7,0.1,0.5,0.0,0.0,1.7999999999999998,3.5999999999999996
2013-04-01,2013,4,1,0.6,0.3,8.3,9.5,0.3,0.1,0.8,0.1,0.4,0.3,26.5,7.2,0.1,0.0,0.7,3.2,5.4,1.9,14.1,0.7,9.1,2.0,2.7,0.1,0.5,0.0,0.0,1.7999999999999998,3.5000000000000004
2013-05-01,2013,5,1,0.6,0.3,8.1,9.7,0.4,0.1,0.8,0.1,0.4,0.3,26.3,7.3,0.1,0.0,0.7,3.2,5.4,1.9,14.2,0.7,9.3,2.0,2.7,0.1,0.5,0.0,0.0,1.7000000000000002,3.4000000000000004
2013-06-01,2013,6,1,0.6,0.3,8.1,9.7,0.4,0.1,0.8,0.1,0.4,0.3,26.2,7.5,0.1,0.0,0.7,3.1,5.3,1.8,14.2,0.7,9.5,2.0,2.7,0.1,0.5,0.0,0.0,1.6,3.2
2013-07-01,2013,7,1,0.6,0.2,7.9,9.9,0.4,0.1,0.7,0.1,0.4,0.3,26.4,7.6,0.1,0.0,0.7,3.1,5.3,1.8,14.2,0.6,9.6,1.9,2.7,0.1,0.5,0.0,0.1,1.6,3.2
2013-08-01,2013,8,1,0.6,0.2,7.9,9.9,0.4,0.1,0.7,0.1,0.4,0.3,26.3,7.7,0.1,0.0,0.6,3.1,5.3,1.9,14.0,0.7,9.6,2.0,2.7,0.1,0.5,0.0,0.1,1.6,3.1
2013-09-01,2013,9,1,0.6,0.2,7.9,9.9,0.3,0.1,0.7,0.1,0.4,0.3,26.3,7.7,0.1,0.0,0.7,3.1,5.3,1.9,13.9,0.7,9.8,2.1,2.8000000000000003,0.1,0.5,0.0,0.1,1.6,3.0
2013-10-01,2013,10,1,0.6,0.2,7.9,9.9,0.3,0.1,0.7,0.1,0.4,0.3,26.1,7.6,0.1,0.0,0.7,3.0,5.9,1.8,13.8,0.7,9.8,2.1,2.9000000000000004,0.1,0.5,0.0,0.1,1.6,3.0
2013-11-01,2013,11,1,0.6,0.2,8.0,9.8,0.3,0.1,0.7,0.1,0.4,0.3,26.5,7.5,0.1,0.0,0.6,3.0,6.1,1.8,13.6,0.7,9.9,2.1,2.7,0.1,0.5,0.0,0.1,1.6,3.1
2013-12-01,2013,12,1,0.6,0.2,8.1,9.8,0.3,0.1,0.7,0.1,0.4,0.3,26.4,7.3,0.1,0.0,0.6,3.0,6.4,1.8,13.3,0.7,9.8,2.1,2.7,0.1,0.6,0.0,0.1,1.6,3.1
2014-01-01,2014,1,1,0.6,0.2,8.1,9.7,0.3,0.1,0.7,0.1,0.4,0.3,26.2,7.3,0.2,0.0,0.6,3.0,6.5,1.7,13.1,0.7,9.9,2.2,2.7,0.1,0.6,0.0,0.1,1.7000000000000002,3.0
2014-02-01,2014,2,1,0.6,0.2,8.1,9.6,0.4,0.2,0.7,0.1,0.4,0.4,26.1,7.3,0.2,0.0,0.6,3.1,6.6,1.5,13.0,0.7,10.0,2.2,2.6,0.2,0.6,0.1,0.1,1.7000000000000002,2.9000000000000004
2014-03-01,2014,3,1,0.6,0.2,8.1,9.6,0.4,0.1,0.7,0.1,0.4,0.3,25.8,7.6,0.2,0.0,0.6,3.1,6.9,1.4,12.9,0.7,9.9,2.2,2.6,0.2,0.6,0.1,0.1,1.7000000000000002,2.9000000000000004
2014-04-01,2014,4,1,0.5,0.2,8.1,9.7,0.4,0.2,0.7,0.1,0.4,0.4,26.1,7.7,0.2,0.0,0.6,3.1,6.5,1.2,13.0,0.7,10.0,2.2,2.5,0.3,0.6,0.2,0.1,1.7000000000000002,2.8000000000000003
2014-05-01,2014,5,1,0.6,0.3,8.0,9.7,0.4,0.2,0.7,0.2,0.5,0.4,25.8,7.8,0.2,0.0,0.6,3.0,6.4,1.0,12.9,0.7,10.1,2.2,2.6,0.3,0.7000000000000001,0.3,0.1,1.7000000000000002,2.8000000000000003
2014-06-01,2014,6,1,0.6,0.3,7.9,9.7,0.4,0.2,0.7,0.2,0.4,0.4,25.9,7.8,0.2,0.0,0.6,3.0,6.4,0.9,13.0,0.7,10.2,2.3,2.6,0.3,0.7000000000000001,0.3,0.1,1.7000000000000002,2.7
2014-07-01,2014,7,1,0.6,0.3,7.8,9.7,0.4,0.2,0.7,0.2,0.4,0.4,26.0,7.8,0.2,0.0,0.6,2.9,6.4,0.9,12.9,0.7,10.1,2.3,2.6,0.3,0.7000000000000001,0.7000000000000001,0.1,1.7000000000000002,2.7
2014-08-01,2014,8,1,0.6,0.3,7.8,9.6,0.3,0.2,0.7,0.2,0.4,0.3,26.2,7.6,0.2,0.0,0.6,2.9,6.3,1.0,12.9,0.8,10.2,2.3,2.6,0.3,0.7000000000000001,1.0,0.1,1.6,2.6
2014-09-01,2014,9,1,0.6,0.3,7.8,9.6,0.3,0.2,0.7,0.2,0.5,0.4,26.1,7.5,0.2,0.0,0.6,2.8,6.1,1.1,12.7,0.8,10.2,2.4,2.6,0.2,0.7000000000000001,1.2,0.1,1.6,2.5
2014-10-01,2014,10,1,0.6,0.3,7.9,9.6,0.3,0.2,0.6,0.2,0.4,0.3,25.9,7.4,0.2,0.0,0.6,2.9,6.2,1.2,12.5,0.8,10.3,2.4,2.6,0.2,0.7000000000000001,1.5,0.1,1.5,2.5
2014-11-01,2014,11,1,0.5,0.3,8.0,9.5,0.3,0.2,0.6,0.2,0.4,0.3,25.9,7.3,0.2,0.0,0.5,2.9,6.3,1.3,12.3,0.8,10.5,2.5,2.5,0.2,0.7000000000000001,1.9,0.1,1.5,2.4
2014-12-01,2014,12,1,0.5,0.4,8.0,9.2,0.3,0.2,0.6,0.2,0.4,0.3,25.7,7.3,0.2,0.0,0.5,2.9,6.3,1.4,12.0,0.8,10.5,2.5,2.5,0.2,0.7000000000000001,2.3,0.1,1.5,2.4
2015-01-01,2015,1,1,0.6,0.4,8.0,9.2,0.3,0.2,0.6,0.2,0.5,0.3,25.6,7.3,0.2,0.0,0.5,3.0,6.2,1.4,11.9,0.8,10.6,2.6,2.5,0.2,0.7000000000000001,2.4,0.1,1.5,2.4
2015-02-01,2015,2,1,0.5,0.3,8.0,9.3,0.3,0.2,0.6,0.2,0.5,0.3,25.3,7.3,0.2,0.0,0.5,3.1,6.2,1.4,11.7,0.8,10.8,2.7,2.5,0.2,0.7000000000000001,2.5,0.1,1.5,2.5
2015-03-01,2015,3,1,0.5,0.3,7.9,9.2,0.3,0.1,0.6,0.2,0.5,0.4,25.4,7.3,0.2,0.0,0.5,3.2,6.1,1.4,11.7,0.8,11.0,2.7,2.5,0.1,0.7000000000000001,2.6,0.1,1.5,2.4
2015-04-01,2015,4,1,0.5,0.4,7.8,9.1,0.4,0.1,0.6,0.2,0.5,0.4,25.2,7.3,0.2,0.0,0.5,3.2,5.9,1.3,11.7,0.8,11.1,2.8,2.6,0.2,0.8,2.7,0.1,1.5,2.4
2015-05-01,2015,5,1,0.6,0.3,7.6,9.3,0.3,0.1,0.6,0.2,0.5,0.4,25.2,7.4,0.2,0.0,0.5,3.2,5.8,1.3,11.8,0.7,11.1,2.8,2.6,0.2,0.8,2.6,0.1,1.5,2.4
2015-06-01,2015,6,1,0.5,0.3,7.6,9.4,0.3,0.1,0.6,0.2,0.5,0.4,25.2,7.4,0.2,0.0,0.5,3.2,5.7,1.4,11.8,0.8,11.1,2.8,2.6,0.2,0.8,2.6,0.2,1.5,2.1999999999999997
2015-07-01,2015,7,1,0.5,0.3,7.6,9.5,0.3,0.1,0.6,0.2,0.5,0.3,25.2,7.4,0.1,0.0,0.5,3.1,5.7,1.3,11.8,0.8,11.3,2.9,2.6,0.2,0.8,2.7,0.2,1.5,2.1999999999999997
2015-08-01,2015,8,1,0.5,0.3,7.6,9.3,0.3,0.1,0.6,0.3,0.5,0.3,25.1,7.5,0.2,0.0,0.5,3.0,5.6,1.3,11.7,0.8,11.3,2.9,2.6,0.2,0.8999999999999999,2.7,0.2,1.6,2.1
2015-09-01,2015,9,1,0.5,0.3,7.6,9.3,0.3,0.1,0.5,0.3,0.5,0.3,25.3,7.4,0.2,0.0,0.5,2.9,5.6,1.3,11.6,0.8,11.4,2.9,2.6,0.2,0.8999999999999999,2.8000000000000003,0.2,1.6,2.0
2015-10-01,2015,10,1,0.6,0.3,7.7,9.2,0.3,0.1,0.5,0.3,0.5,0.3,25.3,7.5,0.2,0.0,0.5,2.8,5.6,1.3,11.5,0.8,11.5,2.9,2.6,0.3,0.8999999999999999,2.9000000000000004,0.2,1.6,2.0
2015-11-01,2015,11,1,0.5,0.3,7.7,9.1,0.3,0.1,0.5,0.3,0.4,0.3,25.2,7.4,0.2,0.0,0.5,2.8,5.6,1.3,11.2,0.8,11.6,3.0,2.6,0.3,0.8999999999999999,3.1,0.3,1.6,2.0
2015-12-01,2015,12,1,0.5,0.3,7.7,9.0,0.3,0.1,0.5,0.3,0.4,0.3,25.1,7.4,0.2,0.0,0.5,2.8,5.5,1.2,11.2,0.8,11.8,3.0,2.6,0.3,1.0,3.1,0.3,1.6,2.0
2016-01-01,2016,1,1,0.5,0.3,7.8,8.9,0.3,0.1,0.5,0.3,0.4,0.3,25.1,7.6,0.2,0.0,0.5,2.9,5.5,1.2,11.1,0.7,11.9,3.0,2.5,0.3,1.0,3.1,0.3,1.6,1.9
2016-02-01,2016,2,1,0.5,0.3,7.8,9.0,0.3,0.1,0.5,0.3,0.4,0.3,24.9,7.6,0.2,0.0,0.5,2.9,5.6,1.2,11.0,0.7,12.3,3.1,2.5,0.3,1.0,3.2,0.3,1.5,1.9
2016-03-01,2016,3,1,0.5,0.3,7.7,9.0,0.3,0.1,0.5,0.3,0.4,0.3,24.5,7.7,0.2,0.0,0.5,3.0,5.5,1.1,11.0,0.7,12.5,3.2,2.4,0.3,1.0,3.3000000000000003,0.4,1.5,1.9
2016-04-01,2016,4,1,0.4,0.4,7.5,9.0,0.3,0.1,0.5,0.3,0.4,0.3,24.3,7.7,0.2,0.0,0.5,3.1,5.5,1.1,11.0,0.7,12.7,3.2,2.4,0.3,1.0,3.3000000000000003,0.5,1.5,1.9
2016-05-01,2016,5,1,0.4,0.4,7.5,9.0,0.3,0.1,0.4,0.4,0.4,0.3,24.3,7.7,0.2,0.0,0.5,3.0,5.5,1.1,11.1,0.6,12.8,3.3,2.4,0.2,1.0,3.4000000000000004,0.5,1.5,1.7999999999999998
2016-06-01,2016,6,1,0.4,0.4,7.4,9.0,0.4,0.1,0.4,0.4,0.4,0.3,24.0,7.7,0.2,0.0,0.6,2.9,5.5,1.1,11.0,0.6,13.2,3.3,2.3,0.3,1.0,3.4000000000000004,0.6,1.4000000000000001,1.7000000000000002
2016-07-01,2016,7,1,0.4,0.4,7.3,9.0,0.4,0.1,0.4,0.4,0.4,0.3,23.6,7.7,0.2,0.1,0.6,2.9,5.4,1.1,10.9,0.7,13.5,3.4,2.3,0.3,1.0999999999999999,3.5000000000000004,0.7000000000000001,1.4000000000000001,1.7000000000000002
2016-08-01,2016,8,1,0.4,0.5,7.3,9.1,0.4,0.1,0.4,0.4,0.4,0.3,23.7,7.6,0.2,0.1,0.6,2.8,5.3,1.0,10.7,0.7,13.7,3.4,2.3,0.3,1.0999999999999999,3.5000000000000004,0.8,1.4000000000000001,1.7000000000000002
2016-09-01,2016,9,1,0.4,0.5,7.3,9.0,0.4,0.1,0.4,0.5,0.4,0.3,23.5,7.6,0.2,0.1,0.6,2.7,5.3,1.0,10.6,0.7,13.8,3.4,2.3,0.3,1.0999999999999999,3.5000000000000004,0.8,1.4000000000000001,1.6
2016-10-01,2016,10,1,0.4,0.5,7.3,9.0,0.3,0.1,0.4,0.4,0.4,0.3,23.4,7.6,0.2,0.1,0.6,2.7,5.3,1.1,10.4,0.8,14.1,3.5,2.3,0.3,1.0999999999999999,3.5000000000000004,0.8999999999999999,1.4000000000000001,1.6
2016-11-01,2016,11,1,0.5,0.5,7.4,8.8,0.3,0.1,0.4,0.4,0.4,0.3,23.1,7.8,0.2,0.1,0.6,2.7,5.2,1.1,10.2,0.8,14.5,3.5,2.1999999999999997,0.3,1.2,3.4000000000000004,1.0,1.4000000000000001,1.6
2016-12-01,2016,12,1,0.4,0.5,7.6,8.6,0.3,0.1,0.4,0.4,0.4,0.3,23.1,7.9,0.2,0.1,0.5,2.7,5.1,1.0,10.1,0.8,14.9,3.5,2.1999999999999997,0.3,1.0999999999999999,3.5000000000000004,1.0,1.4000000000000001,1.6
2017-01-01,2017,1,1,0.4,0.5,7.5,8.6,0.3,0.1,0.4,0.4,0.4,0.3,22.9,8.0,0.3,0.1,0.5,2.7,5.1,0.9,10.1,0.8,15.2,3.5,2.1999999999999997,0.3,1.0999999999999999,3.5000000000000004,1.0,1.4000000000000001,1.6
2017-02-01,2017,2,1,0.5,0.5,7.6,8.5,0.3,0.1,0.4,0.4,0.5,0.3,22.5,8.0,0.2,0.1,0.5,2.8,5.0,0.9,10.0,0.8,15.6,3.6,2.1,0.3,1.0999999999999999,3.5000000000000004,1.0999999999999999,1.4000000000000001,1.6
2017-03-01,2017,3,1,0.5,0.5,7.5,8.4,0.3,0.1,0.4,0.5,0.5,0.3,22.4,8.1,0.2,0.1,0.5,2.8,4.8,0.9,9.9,0.8,16.1,3.7,2.1,0.3,1.2,3.5000000000000004,1.0999999999999999,1.4000000000000001,1.5
2017-04-01,2017,4,1,0.5,0.5,7.4,8.4,0.3,0.1,0.4,0.5,0.5,0.3,22.1,8.2,0.2,0.1,0.5,2.7,4.7,0.8,9.8,0.8,16.4,3.8,2.0,0.4,1.2,3.4000000000000004,1.0999999999999999,1.3,1.5
2017-05-01,2017,5,1,0.5,0.5,7.3,8.5,0.4,0.1,0.3,0.5,0.5,0.3,22.0,8.3,0.2,0.1,0.5,2.7,4.5,0.8,9.7,0.8,16.7,3.9,2.1,0.3,1.3,3.5000000000000004,1.2,1.3,1.5
2017-06-01,2017,6,1,0.5,0.5,7.1,8.4,0.4,0.1,0.3,0.6,0.5,0.3,21.7,8.3,0.2,0.2,0.5,2.6,4.5,0.8,9.5,0.8,17.1,4.0,2.1,0.4,1.3,3.4000000000000004,1.2,1.4000000000000001,1.4000000000000001
2017-07-01,2017,7,1,0.5,0.4,7.0,8.3,0.4,0.1,0.3,0.6,0.5,0.3,21.7,8.3,0.2,0.4,0.5,2.6,4.4,0.8,9.2,0.8,17.4,4.1,2.1,0.4,1.3,3.5000000000000004,1.3,1.4000000000000001,1.3
2017-08-01,2017,8,1,0.5,0.4,6.9,8.1,0.3,0.1,0.3,0.6,0.5,0.3,21.9,8.4,0.2,0.4,0.4,2.5,4.3,0.8,9.0,0.8,17.8,4.2,2.0,0.4,1.3,3.5000000000000004,1.3,1.4000000000000001,1.3
2017-09-01,2017,9,1,0.5,0.4,6.9,8.1,0.3,0.1,0.3,0.6,0.5,0.3,21.9,8.4,0.2,0.5,0.4,2.4,4.2,0.8,8.8,0.8,18.2,4.3,2.0,0.3,1.3,3.5000000000000004,1.4000000000000001,1.5,1.3
2017-10-01,2017,10,1,0.5,0.3,6.8,8.0,0.3,0.1,0.3,0.6,0.5,0.3,22.0,8.4,0.2,0.7,0.3,2.3,4.2,0.8,8.6,0.8,18.7,4.2,1.9,0.3,1.4000000000000001,3.5000000000000004,1.4000000000000001,1.5,1.2
2017-11-01,2017,11,1,0.5,0.3,6.7,8.0,0.3,0.1,0.3,0.7,0.5,0.2,22.0,8.3,0.2,0.8,0.3,2.3,4.1,0.9,8.4,0.8,19.3,4.2,1.9,0.3,1.3,3.5000000000000004,1.4000000000000001,1.5,1.2
2017-12-01,2017,12,1,0.5,0.3,6.6,7.8,0.3,0.1,0.3,0.7,0.5,0.3,22.1,8.3,0.2,0.8,0.4,2.2,4.0,0.9,8.3,0.9,19.6,4.2,1.7999999999999998,0.3,1.3,3.3000000000000003,1.4000000000000001,1.5,1.3
2018-01-01,2018,1,1,0.5,0.4,6.5,7.8,0.3,0.1,0.3,0.8,0.5,0.3,22.0,8.2,0.2,0.8,0.4,2.2,3.9,0.9,8.3,0.9,20.1,4.2,1.7000000000000002,0.3,1.3,3.2,1.4000000000000001,1.4000000000000001,1.3
2018-02-01,2018,2,1,0.5,0.4,6.4,7.8,0.3,0.1,0.3,0.8,0.5,0.3,21.8,8.2,0.2,0.8,0.4,2.3,3.8,0.9,8.2,0.9,20.6,4.2,1.7000000000000002,0.3,1.3,3.1,1.4000000000000001,1.4000000000000001,1.3
2018-03-01,2018,3,1,0.5,0.4,6.3,7.8,0.3,0.1,0.3,0.8,0.5,0.3,21.8,8.2,0.2,0.9,0.4,2.3,3.7,0.8,8.1,1.0,21.0,4.2,1.7000000000000002,0.4,1.3,3.0,1.4000000000000001,1.4000000000000001,1.3
2018-04-01,2018,4,1,0.5,0.4,6.2,7.8,0.3,0.1,0.3,0.8,0.5,0.3,21.8,8.2,0.2,0.9,0.4,2.3,3.6,0.8,8.0,1.0,21.5,4.2,1.7000000000000002,0.4,1.2,2.9000000000000004,1.5,1.4000000000000001,1.3
2018-05-01,2018,5,1,0.5,0.4,6.2,7.7,0.3,0.1,0.3,0.9,0.5,0.3,21.7,8.2,0.2,0.9,0.4,2.2,3.5,0.7,8.0,0.9,22.1,4.1,1.7000000000000002,0.4,1.2,2.8000000000000003,1.5,1.4000000000000001,1.2
2018-06-01,2018,6,1,0.5,0.4,6.0,7.7,0.3,0.1,0.3,0.9,0.5,0.3,21.7,8.3,0.2,0.9,0.4,2.2,3.4,0.7,7.9,0.9,22.4,4.1,1.7000000000000002,0.4,1.2,2.7,1.5,1.4000000000000001,1.2
2018-07-01,2018,7,1,0.5,0.4,5.9,7.7,0.3,0.2,0.3,0.9,0.5,0.3,21.6,8.4,0.2,0.9,0.4,2.2,3.3,0.7,7.8,1.0,22.8,4.0,1.6,0.4,1.2,2.7,1.5,1.4000000000000001,1.2
2018-08-01,2018,8,1,0.5,0.4,5.9,7.6,0.3,0.2,0.3,0.9,0.6,0.3,21.6,8.3,0.2,1.0,0.4,2.1,3.2,0.7,7.6,1.0,23.2,4.0,1.6,0.4,1.2,2.7,1.5,1.4000000000000001,1.2
2018-09-01,2018,9,1,0.5,0.4,6.0,7.6,0.3,0.2,0.3,0.9,0.5,0.3,21.4,8.3,0.2,1.0,0.4,2.0,3.2,0.7,7.5,1.0,23.4,4.0,1.6,0.4,1.2,2.7,1.5,1.4000000000000001,1.0999999999999999
2018-10-01,2018,10,1,0.5,0.4,6.1,7.5,0.3,0.2,0.3,0.9,0.5,0.3,21.3,8.3,0.3,1.0,0.4,2.0,3.2,0.7,7.3,0.9,23.9,3.9,1.6,0.4,1.2,2.6,1.5,1.4000000000000001,1.0999999999999999
2018-11-01,2018,11,1,0.5,0.4,6.1,7.5,0.3,0.2,0.3,0.9,0.5,0.2,21.2,8.2,0.3,1.1,0.3,2.0,3.1,0.7,7.2,1.0,24.3,3.9,1.6,0.4,1.2,2.6,1.5,1.4000000000000001,1.0999999999999999
2018-12-01,2018,12,1,0.5,0.4,6.2,7.5,0.3,0.2,0.3,1.0,0.4,0.3,21.0,8.1,0.3,1.1,0.3,2.0,3.2,0.6,7.2,0.9,24.6,4.0,1.5,0.4,1.2,2.6,1.6,1.4000000000000001,1.0999999999999999
2019-01-01,2019,1,1,0.5,0.4,6.1,7.4,0.3,0.2,0.3,1.0,0.4,0.3,21.0,8.1,0.3,1.1,0.3,2.0,3.1,0.6,7.2,0.9,25.0,3.9,1.5,0.4,1.2,2.5,1.5,1.4000000000000001,1.0999999999999999
2019-02-01,2019,2,1,0.5,0.4,6.1,7.4,0.3,0.2,0.3,1.0,0.4,0.3,20.8,8.1,0.3,1.1,0.3,2.0,3.0,0.5,7.2,0.9,25.5,3.9,1.5,0.4,1.0999999999999999,2.5,1.6,1.4000000000000001,1.0999999999999999
2019-03-01,2019,3,1,0.5,0.3,6.0,7.4,0.3,0.2,0.3,1.1,0.5,0.3,20.6,8.1,0.3,1.1,0.3,2.0,2.9,0.5,7.1,0.9,26.1,3.9,1.4000000000000001,0.4,1.0999999999999999,2.4,1.6,1.4000000000000001,1.0999999999999999
2019-04-01,2019,4,1,0.5,0.3,5.9,7.4,0.3,0.2,0.3,1.1,0.4,0.3,20.4,8.2,0.3,1.1,0.3,2.0,2.8,0.5,7.1,0.9,26.5,3.9,1.4000000000000001,0.5,1.0999999999999999,2.4,1.6,1.3,1.0999999999999999
2019-05-01,2019,5,1,0.5,0.4,5.9,7.2,0.4,0.2,0.3,1.2,0.5,0.3,20.2,8.2,0.3,1.2,0.3,1.9,2.8,0.6,7.0,1.0,26.7,4.0,1.3,0.5,1.0999999999999999,2.3,1.6,1.4000000000000001,1.0999999999999999
2019-06-01,2019,6,1,0.5,0.4,5.7,7.2,0.4,0.3,0.3,1.2,0.5,0.2,20.0,8.2,0.3,1.2,0.3,1.9,2.7,0.6,6.8,1.0,27.3,3.9,1.4000000000000001,0.5,1.0999999999999999,2.3,1.6,1.4000000000000001,1.0999999999999999
2019-07-01,2019,7,1,0.5,0.4,5.7,7.1,0.4,0.3,0.3,1.2,0.5,0.2,19.7,8.1,0.3,1.3,0.3,1.8,2.7,0.6,6.6,1.1,27.7,3.8,1.4000000000000001,0.5,1.0999999999999999,2.4,1.6,1.4000000000000001,1.0
2019-08-01,2019,8,1,0.5,0.4,5.7,7.0,0.4,0.3,0.2,1.3,0.5,0.2,19.5,8.0,0.3,1.4,0.3,1.8,2.6,0.6,6.4,1.1,27.9,3.8,1.4000000000000001,0.6,1.0999999999999999,2.4,1.7000000000000002,1.4000000000000001,1.0
2019-09-01,2019,9,1,0.5,0.4,5.7,7.1,0.4,0.3,0.2,1.3,0.5,0.3,19.2,7.9,0.3,1.4,0.3,1.8,2.6,0.6,6.3,1.2,28.2,3.7,1.5,0.6,1.2,2.4,1.7000000000000002,1.4000000000000001,1.0
2019-10-01,2019,10,1,0.5,0.4,5.9,7.0,0.3,0.4,0.2,1.3,0.5,0.3,19.0,8.0,0.3,1.5,0.3,1.7,2.6,0.6,6.2,1.1,28.5,3.8,1.4000000000000001,0.6,1.0999999999999999,2.4,1.7999999999999998,1.4000000000000001,1.0
2019-11-01,2019,11,1,0.5,0.4,5.9,7.2,0.3,0.4,0.2,1.3,0.5,0.3,18.9,8.0,0.3,1.5,0.3,1.7,2.6,0.6,6.1,1.1,28.8,3.7,1.4000000000000001,0.6,1.0999999999999999,2.4,1.7999999999999998,1.4000000000000001,0.8999999999999999
2019-12-01,2019,12,1,0.5,0.3,5.9,7.2,0.3,0.4,0.2,1.4,0.5,0.3,18.7,7.9,0.3,1.5,0.2,1.7,2.6,0.6,6.1,1.2,28.8,3.7,1.4000000000000001,0.7000000000000001,1.0999999999999999,2.4,1.7999999999999998,1.4000000000000001,0.8999999999999999
2020-01-01,2020,1,1,0.5,0.3,5.9,7.1,0.3,0.5,0.2,1.4,0.5,0.3,18.5,8.0,0.3,1.5,0.3,1.8,2.5,0.7,6.1,1.2,28.7,3.7,1.4000000000000001,0.7000000000000001,1.0999999999999999,2.4,1.7999999999999998,1.4000000000000001,0.8999999999999999
2020-02-01,2020,2,1,0.5,0.3,5.9,7.2,0.3,0.5,0.2,1.4,0.5,0.3,18.3,7.9,0.3,1.5,0.3,1.7,2.4,0.6,6.2,1.2,29.3,3.8,1.3,0.7000000000000001,1.0999999999999999,2.3,1.7999999999999998,1.4000000000000001,0.8999999999999999
2020-03-01,2020,3,1,0.5,0.3,5.9,7.2,0.3,0.5,0.2,1.4,0.5,0.3,18.2,7.9,0.3,1.4,0.3,1.8,2.4,0.6,6.0,1.2,30.0,3.7,1.3,0.7000000000000001,1.0,2.1999999999999997,1.7999999999999998,1.3,0.8999999999999999
2020-04-01,2020,4,1,0.6,0.4,5.7,7.2,0.3,0.5,0.2,1.4,0.5,0.3,17.8,7.9,0.3,1.4,0.4,1.9,2.4,0.6,6.1,1.3,29.9,3.8,1.3,0.7000000000000001,1.0999999999999999,2.1999999999999997,1.9,1.3,0.8999999999999999
2020-05-01,2020,5,1,0.5,0.4,5.6,6.9,0.3,0.6,0.2,1.4,0.5,0.3,17.4,7.8,0.4,1.5,0.5,1.9,2.4,0.5,6.0,1.2,30.5,3.8,1.3,0.8,1.0999999999999999,2.1,1.7999999999999998,1.4000000000000001,1.0
2020-06-01,2020,6,1,0.5,0.5,5.6,6.6,0.3,0.6,0.3,1.4,0.5,0.3,16.8,7.8,0.5,1.4,0.5,1.9,2.4,0.5,5.8,1.2,30.8,3.9,1.4000000000000001,0.8999999999999999,1.0999999999999999,2.1,1.7999999999999998,1.4000000000000001,1.0
2020-07-01,2020,7,1,0.5,0.5,5.6,6.6,0.3,0.6,0.3,1.4,0.5,0.3,16.4,7.8,0.5,1.5,0.5,1.8,2.5,0.5,5.8,1.2,31.4,3.9,1.4000000000000001,0.8999999999999999,1.0999999999999999,2.1999999999999997,1.9,1.3,1.0
2020-08-01,2020,8,1,0.5,0.6,5.6,6.4,0.4,0.7,0.3,1.4,0.5,0.3,16.2,8.0,0.5,1.5,0.5,1.9,2.5,0.5,5.7,1.1,31.3,3.9,1.4000000000000001,1.0,1.0999999999999999,2.3,1.9,1.3,0.8999999999999999
2020-09-01,2020,9,1,0.5,0.6,5.5,6.2,0.4,0.7,0.3,1.4,0.5,0.3,16.1,8.2,0.5,1.6,0.6,1.8,2.6,0.4,5.9,1.1,31.1,4.0,1.4000000000000001,1.0,1.0999999999999999,2.4,1.7999999999999998,1.3,0.8999999999999999
2020-10-01,2020,10,1,0.5,0.6,5.7,6.1,0.4,0.6,0.3,1.4,0.4,0.3,16.0,8.3,0.5,1.6,0.5,1.7,3.4,0.4,5.8,1.0,31.1,3.9,1.3,1.0,1.0,2.4,1.7999999999999998,1.2,0.8
2020-11-01,2020,11,1,0.5,0.6,5.9,6.3,0.3,0.6,0.2,1.4,0.4,0.3,16.3,8.4,0.5,1.6,0.5,1.7,3.6,0.4,6.0,1.0,30.6,3.8,1.2,0.8999999999999999,1.0,2.3,1.9,1.0999999999999999,0.8
2020-12-01,2020,12,1,0.4,0.6,6.2,6.5,0.3,0.6,0.2,1.3,0.3,0.3,16.5,8.6,0.4,1.6,0.5,1.8,3.6,0.3,6.1,0.9,30.6,3.8,1.0999999999999999,0.8,0.8999999999999999,2.1999999999999997,1.9,1.0,0.7000000000000001
2021-01-01,2021,1,1,0.4,0.7,6.2,6.5,0.4,0.6,0.2,1.3,0.4,0.2,16.7,8.4,0.5,1.7,0.6,1.7,3.7,0.4,6.0,1.0,30.2,3.8,1.2,0.8,0.8,2.1,1.7999999999999998,1.0999999999999999,0.7000000000000001
2021-02-01,2021,2,1,0.4,0.8,6.5,6.7,0.3,0.6,0.2,1.3,0.3,0.2,16.7,8.5,0.5,1.6,0.6,1.7,3.6,0.3,6.1,1.0,30.0,3.8,1.0999999999999999,0.8999999999999999,0.8,2.0,1.7000000000000002,1.2,0.8
2021-03-01,2021,3,1,0.4,0.8,6.6,6.8,0.3,0.6,0.2,1.2,0.4,0.2,17.1,8.4,0.5,1.6,0.5,1.6,3.5,0.3,6.1,1.1,29.9,3.7,1.0,1.0,0.7000000000000001,1.7999999999999998,1.7999999999999998,1.2,0.8
2021-04-01,2021,4,1,0.4,0.8,6.6,6.8,0.3,0.6,0.3,1.3,0.4,0.3,17.2,8.4,0.5,1.7,0.5,1.7,2.5,0.3,6.3,1.1,29.6,3.8,1.0999999999999999,1.0,0.7000000000000001,1.7999999999999998,1.7000000000000002,1.3,0.8999999999999999
2021-05-01,2021,5,1,0.5,0.9,6.4,6.7,0.4,0.6,0.3,1.4,0.4,0.3,17.4,8.5,0.5,1.7,0.6,1.6,2.2,0.3,6.2,1.3,29.5,3.8,1.0999999999999999,1.2,0.7000000000000001,1.7000000000000002,1.7000000000000002,1.4000000000000001,0.8999999999999999
2021-06-01,2021,6,1,0.5,0.9,6.4,6.8,0.4,0.6,0.3,1.4,0.5,0.2,17.8,8.6,0.5,1.7,0.6,1.4,2.0,0.3,6.1,1.2,29.5,3.6,1.0999999999999999,1.3,0.7000000000000001,1.7999999999999998,1.7000000000000002,1.3,0.8
2021-07-01,2021,7,1,0.5,0.8,6.4,7.0,0.4,0.6,0.3,1.4,0.4,0.3,17.8,8.9,0.3,1.7,0.5,1.4,1.8,0.3,6.2,1.2,30.0,3.6,1.0,1.2,0.8,1.6,1.7000000000000002,1.2,0.8
2021-08-01,2021,8,1,0.5,0.8,6.3,6.8,0.4,0.5,0.3,1.5,0.4,0.3,17.8,9.1,0.3,1.8,0.5,1.4,1.8,0.4,6.1,1.2,30.0,3.7,1.0,1.0999999999999999,0.8,1.6,1.7000000000000002,1.2,0.8
2021-09-01,2021,9,1,0.6,0.9,6.5,7.0,0.4,0.6,0.3,1.5,0.4,0.3,17.5,9.3,0.3,1.8,0.5,1.4,1.9,0.4,6.2,1.2,29.2,3.8,1.0999999999999999,1.0999999999999999,0.8,1.6,1.5,1.3,0.8
2021-10-01,2021,10,1,0.5,0.9,6.8,7.2,0.4,0.5,0.3,1.5,0.4,0.3,17.6,9.1,0.3,1.7,0.5,1.4,2.0,0.4,6.1,1.3,29.3,3.6,1.0999999999999999,1.2,0.8,1.6,1.6,1.3,0.7000000000000001
2021-11-01,2021,11,1,0.5,0.8,6.9,7.2,0.3,0.5,0.2,1.4,0.4,0.3,17.3,9.2,0.3,1.7,0.4,1.4,2.1,0.4,6.1,1.1,29.7,3.8,1.0,1.0999999999999999,0.8,1.7000000000000002,1.6,1.2,0.7000000000000001
2021-12-01,2021,12,1,0.5,0.8,7.0,7.2,0.3,0.5,0.2,1.3,0.3,0.3,17.7,9.0,0.2,1.8,0.4,1.6,2.1,0.4,6.2,1.1,29.4,4.1,0.8999999999999999,1.0,0.7000000000000001,1.6,1.7000000000000002,1.2,0.7000000000000001
2022-01-01,2022,1,1,0.4,0.7,7.4,7.3,0.2,0.4,0.2,1.2,0.3,0.2,18.1,9.1,0.2,1.7,0.3,1.8,2.3,0.3,6.1,0.9,28.8,4.2,0.8,1.0,0.6,1.9,1.7999999999999998,1.0999999999999999,0.6
2022-02-01,2022,2,1,0.4,0.6,7.5,7.5,0.2,0.5,0.1,1.2,0.4,0.2,18.1,9.0,0.2,1.7,0.4,1.8,2.3,0.3,6.0,0.9,28.4,4.3,0.8,1.0,0.6,2.0,2.0,1.0999999999999999,0.6
2022-03-01,2022,3,1,0.4,0.6,7.4,7.4,0.2,0.5,0.1,1.3,0.4,0.2,18.2,9.1,0.2,1.6,0.4,1.9,2.2,0.3,5.8,0.8,28.5,4.4,0.7000000000000001,1.0999999999999999,0.6,2.1,2.1999999999999997,1.0,0.6
2022-04-01,2022,4,1,0.4,0.6,7.2,7.2,0.2,0.7,0.1,1.4,0.4,0.2,18.1,9.3,0.3,1.6,0.4,1.9,2.2,0.3,5.6,0.7,28.2,4.6,0.7000000000000001,1.0999999999999999,0.6,2.1999999999999997,2.4,0.8999999999999999,0.5
2022-05-01,2022,5,1,0.4,0.6,7.0,7.2,0.2,0.7,0.1,1.5,0.4,0.2,18.0,9.4,0.4,1.7,0.5,1.8,2.2,0.3,5.6,0.7,27.7,4.5,0.8,1.3,0.6,2.1999999999999997,2.6,0.8999999999999999,0.5
2022-06-01,2022,6,1,0.4,0.7,6.8,7.3,0.2,0.8,0.0,1.8,0.4,0.3,17.4,9.7,0.4,1.7,0.6,1.7,2.2,0.3,5.4,0.8,27.4,4.4,1.0,1.4000000000000001,0.7000000000000001,2.1999999999999997,2.6,0.8999999999999999,0.6
2022-07-01,2022,7,1,0.5,0.7,6.2,7.0,0.3,0.9,0.0,2.0,0.4,0.3,17.2,9.5,0.5,1.8,0.6,1.6,2.1,0.3,5.5,0.9,27.6,4.4,1.0999999999999999,1.6,0.8,2.1,2.8000000000000003,1.0,0.6
2022-08-01,2022,8,1,0.4,0.8,6.2,7.0,0.3,0.9,0.0,2.1,0.5,0.3,17.1,9.5,0.5,1.8,0.6,1.5,2.1,0.3,5.4,0.9,27.7,4.3,1.0999999999999999,1.6,0.7000000000000001,2.0,2.8000000000000003,1.0,0.6
2022-09-01,2022,9,1,0.5,0.8,6.3,7.0,0.3,0.9,0.0,2.1,0.4,0.3,17.0,9.5,0.5,1.8,0.6,1.5,2.0,0.4,5.3,0.9,27.9,4.2,1.2,1.6,0.7000000000000001,2.0,2.8000000000000003,1.0,0.6
2022-10-01,2022,10,1,0.5,0.8,6.3,7.0,0.3,0.8,0.0,2.1,0.5,0.3,16.9,9.6,0.4,1.9,0.6,1.5,2.1,0.3,5.3,0.9,27.9,4.1,1.0999999999999999,1.6,0.7000000000000001,2.0,2.8000000000000003,1.0,0.6
2022-11-01,2022,11,1,0.5,0.9,6.5,7.0,0.3,0.9,0.0,2.0,0.4,0.3,16.7,9.5,0.4,1.8,0.6,1.6,2.1,0.4,5.2,0.9,28.0,4.1,1.0999999999999999,1.7000000000000002,0.7000000000000001,2.1,2.8000000000000003,1.0,0.6
2022-12-01,2022,12,1,0.5,0.9,6.7,6.9,0.4,0.8,0.0,2.0,0.4,0.3,16.7,9.4,0.4,1.8,0.6,1.6,2.2,0.4,5.2,0.9,28.0,4.0,1.0,1.7999999999999998,0.7000000000000001,2.1999999999999997,2.8000000000000003,1.0,0.6
2023-01-01,2023,1,1,0.5,0.9,6.8,6.9,0.4,0.8,0.0,1.9,0.4,0.3,16.6,9.6,0.4,1.8,0.6,1.6,2.2,0.4,5.2,0.9,27.7,4.0,1.0,1.9,0.6,2.1999999999999997,2.8000000000000003,1.0,0.6
2023-02-01,2023,2,1,0.5,0.9,6.8,6.9,0.4,0.8,0.0,1.9,0.4,0.3,16.5,9.6,0.4,1.9,0.6,1.7,2.2,0.4,5.2,0.9,27.6,4.1,1.0,1.9,0.6,2.3,2.8000000000000003,1.0,0.6
2023-03-01,2023,3,1,0.5,1.0,6.8,6.8,0.4,0.8,0.0,1.9,0.4,0.3,16.3,9.6,0.4,1.9,0.6,1.7,2.2,0.3,5.2,0.9,27.7,4.2,1.0,2.1,0.6,2.3,2.8000000000000003,1.0,0.6
2023-04-01,2023,4,1,0.5,1.0,6.7,6.8,0.4,0.8,0.1,1.9,0.4,0.3,16.2,9.5,0.5,1.9,0.6,1.8,2.1,0.3,5.2,0.9,27.6,4.2,1.0,2.1,0.7000000000000001,2.3,2.9000000000000004,0.8999999999999999,0.6
2023-05-01,2023,5,1,0.5,1.0,6.5,6.8,0.4,0.8,0.1,1.9,0.4,0.3,16.1,9.5,0.5,1.9,0.6,1.7,2.1,0.3,5.2,0.9,27.7,4.3,1.0999999999999999,2.1,0.7000000000000001,2.3,2.9000000000000004,0.8999999999999999,0.6
2023-06-01,2023,6,1,0.5,1.0,6.5,6.8,0.4,0.9,0.1,1.9,0.4,0.3,15.9,9.5,0.4,1.9,0.6,1.6,2.1,0.3,5.2,1.0,27.9,4.4,1.0999999999999999,2.1,0.6,2.4,3.0,0.8999999999999999,0.6
2023-07-01,2023,7,1,0.6,1.1,6.4,6.7,0.3,0.9,0.2,1.9,0.4,0.3,15.8,9.4,0.4,1.9,0.6,1.7,2.1,0.3,5.1,1.0,27.8,4.5,1.0999999999999999,2.1,0.6,2.4,3.1,0.8999999999999999,0.6
2023-08-01,2023,8,1,0.6,1.1,6.5,6.8,0.3,1.0,0.2,1.9,0.4,0.3,15.7,9.3,0.4,1.8,0.6,1.6,2.1,0.3,5.1,1.0,27.9,4.4,1.0999999999999999,2.1,0.7000000000000001,2.6,3.1,0.8999999999999999,0.6
2023-09-01,2023,9,1,0.6,1.0,6.5,6.7,0.3,1.0,0.2,1.9,0.3,0.3,15.8,9.4,0.4,1.8,0.6,1.6,2.2,0.3,5.0,1.0,28.0,4.4,1.0999999999999999,2.1,0.7000000000000001,2.6,3.0,0.8999999999999999,0.6
2023-10-01,2023,10,1,0.6,1.0,6.6,6.8,0.3,1.0,0.2,1.9,0.3,0.2,15.8,9.3,0.4,1.8,0.6,1.5,2.3,0.3,4.9,1.0,28.0,4.4,1.0999999999999999,2.0,0.7000000000000001,2.7,3.0,0.8999999999999999,0.6
2023-11-01,2023,11,1,0.6,1.0,6.8,6.7,0.3,1.0,0.2,2.0,0.3,0.3,15.9,9.2,0.4,1.8,0.6,1.6,2.3,0.3,4.9,0.9,28.0,4.5,1.0,2.0,0.6,2.7,3.0,0.8999999999999999,0.6
